time,epoch,batch,loss,cost
0min0sec,0,0,51.966,72.092
0min7sec,0,10,2029.021,64.416
0min7sec,0,20,780.141,64.620
0min7sec,0,30,637.952,64.233
0min7sec,0,40,560.506,63.876
0min7sec,0,50,479.704,63.510
0min7sec,0,60,430.010,62.754
0min7sec,0,70,407.918,62.380
0min7sec,0,80,331.972,61.883
0min7sec,0,90,289.875,61.529
0min7sec,0,100,281.226,61.146
0min7sec,0,110,255.613,60.826
0min8sec,0,120,231.752,60.499
0min7sec,0,130,311.424,59.747
0min9sec,0,140,151.445,59.560
0min8sec,0,150,201.163,59.233
0min6sec,0,160,186.926,58.748
0min6sec,0,170,235.907,58.097
0min7sec,0,180,223.007,57.461
0min8sec,0,190,84.655,57.343
0min9sec,0,200,18.833,57.500
0min7sec,0,210,59.985,57.379
0min8sec,0,220,5.943,57.429
0min8sec,0,230,4.696,57.575
0min8sec,0,240,4.132,57.634
0min7sec,0,250,27.378,57.566
0min7sec,0,260,22.833,57.499
0min7sec,0,270,45.528,57.305
0min7sec,0,280,32.370,57.147
0min7sec,0,290,17.458,57.092
0min7sec,0,300,-14.463,57.129
0min7sec,0,310,17.037,57.087
0min7sec,0,320,19.994,57.014
0min8sec,0,330,1.186,57.019
0min7sec,0,340,1.854,56.984
0min8sec,0,350,-2.498,57.001
0min7sec,0,360,2.471,56.965
0min6sec,0,370,14.638,56.822
0min6sec,0,380,-4.365,56.794
0min6sec,0,390,5.609,56.713
0min6sec,0,400,12.046,56.588
0min7sec,0,410,4.913,56.506
0min7sec,0,420,14.414,56.363
0min7sec,0,430,-16.548,56.326
0min7sec,0,440,-30.188,56.353
0min6sec,0,450,-8.993,56.297
0min6sec,0,460,3.301,56.192
0min7sec,0,470,-7.210,56.128
0min6sec,0,480,-9.920,56.078
0min6sec,0,490,-13.740,56.054
0min7sec,0,500,-14.730,56.008
0min7sec,0,510,-26.218,55.981
0min9sec,0,520,-39.229,55.963
0min10sec,0,530,-52.211,56.036
0min10sec,0,540,-69.516,56.200
0min9sec,0,550,-71.467,56.357
0min9sec,0,560,-68.465,56.510
0min9sec,0,570,-74.119,56.681
0min8sec,0,580,-32.340,56.718
0min8sec,0,590,-20.176,56.701
0min8sec,0,600,-32.605,56.705
0min8sec,0,610,-18.777,56.675
0min8sec,0,620,-17.929,56.644
0min7sec,0,630,-3.921,56.539
0min7sec,0,640,12.420,56.347
0min6sec,0,650,10.591,56.168
0min6sec,0,660,11.329,55.977
0min6sec,0,670,9.297,55.799
0min7sec,0,680,-8.645,55.704
0min7sec,0,690,-13.911,55.589
0min7sec,0,700,-5.641,55.420
0min7sec,0,710,-12.261,55.261
0min7sec,0,720,-16.583,55.098
0min6sec,0,730,-18.837,54.938
0min6sec,0,740,-22.402,54.800
0min7sec,0,750,-35.722,54.696
0min7sec,0,760,-36.798,54.607
0min7sec,0,770,-45.418,54.544
0min7sec,0,780,-63.738,54.537
0min7sec,0,790,-55.767,54.491
0min7sec,0,800,-56.788,54.449
0min7sec,0,810,-59.536,54.403
0min6sec,0,820,-53.118,54.327
0min7sec,0,830,-52.192,54.234
0min6sec,0,840,-54.476,54.184
0min6sec,0,850,-58.020,54.120
0min6sec,0,860,-59.681,54.073
0min6sec,0,870,-57.453,54.016
0min6sec,0,880,-59.041,53.972
0min6sec,0,890,-59.392,53.931
0min6sec,0,900,-52.188,53.871
0min6sec,0,910,-53.237,53.807
0min6sec,0,920,-52.142,53.756
0min6sec,0,930,-48.752,53.688
0min6sec,0,940,-46.852,53.611
0min6sec,0,950,-45.560,53.532
0min6sec,0,960,-47.839,53.470
0min6sec,0,970,-44.506,53.392
0min6sec,0,980,-44.271,53.326
0min6sec,0,990,-47.489,53.270
0min6sec,0,1000,-44.396,53.204
0min6sec,0,1010,-47.917,53.159
0min6sec,0,1020,-47.545,53.109
0min6sec,0,1030,-45.031,53.054
0min6sec,0,1040,-42.994,52.996
0min6sec,0,1050,-47.857,52.972
0min6sec,0,1060,-49.002,52.957
0min6sec,0,1070,-48.664,52.928
0min6sec,0,1080,-44.328,52.886
0min6sec,0,1090,-43.733,52.832
0min6sec,0,1100,-40.908,52.761
0min6sec,0,1110,-43.683,52.712
0min6sec,0,1120,-40.855,52.657
0min6sec,0,1130,-39.685,52.588
0min6sec,0,1140,-37.940,52.516
0min6sec,0,1150,-38.542,52.435
0min6sec,0,1160,-37.768,52.379
0min6sec,0,1170,-37.867,52.320
0min6sec,0,1180,-39.259,52.271
0min6sec,0,1190,-37.901,52.217
0min6sec,0,1200,-36.630,52.151
0min6sec,0,1210,-35.627,52.083
0min6sec,0,1220,-33.809,52.017
0min6sec,0,1230,-27.766,51.903
0min6sec,0,1240,-31.115,51.813
0min7sec,0,1250,-30.877,51.721
0min7sec,0,1260,-34.569,51.659
0min7sec,0,1270,-33.198,51.580
0min6sec,0,1280,-33.046,51.501
0min6sec,0,1290,-30.602,51.410
0min6sec,0,1300,-31.339,51.322
0min6sec,0,1310,-32.761,51.249
0min6sec,0,1320,-34.097,51.182
0min6sec,0,1330,-41.616,51.165
0min7sec,0,1340,-41.912,51.148
0min8sec,0,1350,-55.069,51.183
0min8sec,0,1360,-57.643,51.236
0min7sec,0,1370,-54.581,51.261
0min7sec,0,1380,-49.608,51.266
0min7sec,0,1390,-48.472,51.267
0min6sec,0,1400,-44.491,51.245
0min6sec,0,1410,-43.443,51.214
0min6sec,0,1420,-46.002,51.193
0min6sec,0,1430,-39.974,51.139
0min6sec,0,1440,-40.887,51.096
0min6sec,0,1450,-41.942,51.059
0min6sec,0,1460,-40.880,51.014
0min6sec,0,1470,-38.659,50.958
0min6sec,0,1480,-39.925,50.907
0min6sec,0,1490,-38.874,50.851
0min6sec,0,1500,-38.681,50.790
0min6sec,0,1510,-37.888,50.723
0min6sec,0,1520,-37.448,50.657
0min6sec,0,1530,-37.043,50.594
0min6sec,0,1540,-35.444,50.527
0min6sec,0,1550,-35.829,50.460
0min6sec,0,1560,-38.111,50.404
0min6sec,0,1570,-41.716,50.362
0min6sec,0,1580,-37.930,50.304
0min7sec,0,1590,-36.569,50.243
0min7sec,0,1600,-38.676,50.188
0min7sec,0,1610,-37.823,50.135
0min7sec,0,1620,-40.635,50.085
0min7sec,0,1630,-42.186,50.047
0min8sec,0,1640,-45.488,50.018
0min8sec,0,1650,-46.489,49.983
0min8sec,0,1660,-52.130,49.972
0min9sec,0,1670,-58.350,49.998
0min9sec,0,1680,-65.622,50.059
0min10sec,0,1690,-72.560,50.149
0min10sec,0,1700,-77.373,50.285
0min11sec,0,1710,-81.151,50.431
0min10sec,0,1720,-61.089,50.500
0min9sec,0,1730,-55.435,50.543
0min8sec,0,1740,-51.421,50.561
0min8sec,0,1750,-48.343,50.568
0min8sec,0,1760,-50.358,50.586
0min7sec,0,1770,-48.003,50.596
0min7sec,0,1780,-46.899,50.601
0min7sec,0,1790,-48.416,50.612
0min7sec,0,1800,-48.896,50.622
0min7sec,0,1810,-48.752,50.632
0min7sec,0,1820,-45.844,50.632
0min7sec,0,1830,-45.509,50.632
0min8sec,0,1840,-45.967,50.639
0min8sec,0,1850,-50.417,50.665
0min8sec,0,1860,-44.990,50.656
0min7sec,0,1870,-44.904,50.653
0min7sec,0,1880,-45.508,50.654
0min8sec,0,1890,-46.122,50.659
0min8sec,0,1900,-49.744,50.684
0min9sec,0,1910,-60.414,50.746
0min9sec,0,1920,-58.973,50.803
0min8sec,0,1930,-59.056,50.859
0min8sec,0,1940,-56.910,50.912
0min8sec,0,1950,-54.748,50.945
0min8sec,0,1960,-52.328,50.971
0min8sec,0,1970,-52.626,50.996
0min8sec,0,1980,-53.648,51.027
0min8sec,0,1990,-54.033,51.063
0min9sec,0,2000,-52.037,51.087
0min9sec,0,2010,-51.561,51.119
0min9sec,0,2020,-54.288,51.156
0min9sec,0,2030,-51.415,51.183
0min8sec,0,2040,-47.036,51.180
0min8sec,0,2050,-44.659,51.171
0min8sec,0,2060,-45.534,51.166
0min8sec,0,2070,-43.278,51.150
0min8sec,0,2080,-44.272,51.139
0min8sec,0,2090,-49.264,51.155
0min10sec,0,2100,-61.875,51.222
0min10sec,0,2110,-56.923,51.282
0min8sec,0,2120,-47.465,51.279
0min8sec,0,2130,-50.149,51.299
0min9sec,0,2140,-55.338,51.321
0min9sec,0,2150,-53.198,51.341
0min8sec,0,2160,-49.421,51.336
0min9sec,0,2170,-61.198,51.383
0min10sec,0,2180,-61.495,51.438
0min9sec,0,2190,-55.502,51.458
0min9sec,0,2200,-56.839,51.483
0min9sec,0,2210,-57.902,51.515
0min9sec,0,2220,-58.118,51.546
0min9sec,0,2230,-61.509,51.594
0min8sec,0,2240,-55.187,51.614
0min8sec,0,2250,-54.696,51.633
0min8sec,0,2260,-51.080,51.630
0min8sec,0,2270,-50.076,51.626
0min8sec,0,2280,-49.586,51.619
0min8sec,0,2290,-49.216,51.616
0min8sec,0,2300,-53.013,51.620
0min8sec,0,2310,-51.861,51.622
0min8sec,0,2320,-50.049,51.617
0min8sec,0,2330,-50.170,51.616
0min8sec,0,2340,-48.541,51.608
0min8sec,0,2350,-47.971,51.601
0min8sec,0,2360,-48.837,51.590
0min8sec,0,2370,-50.102,51.586
0min8sec,0,2380,-49.968,51.580
0min7sec,0,2390,-47.385,51.558
0min7sec,0,2400,-48.583,51.536
0min8sec,0,2410,-51.080,51.534
0min8sec,0,2420,-54.119,51.550
0min8sec,0,2430,-55.480,51.575
0min9sec,0,2440,-55.968,51.605
0min9sec,0,2450,-57.908,51.646
0min8sec,0,2460,-51.391,51.646
0min8sec,0,2470,-51.584,51.654
0min8sec,0,2480,-50.479,51.659
0min8sec,0,2490,-52.135,51.672
0min8sec,0,2500,-54.118,51.691
0min8sec,0,2510,-55.198,51.720
0min8sec,0,2520,-56.490,51.760
0min8sec,0,2530,-53.968,51.782
0min8sec,0,2540,-54.851,51.810
0min8sec,0,2550,-51.311,51.821
0min8sec,0,2560,-52.688,51.842
0min8sec,0,2570,-52.360,51.854
0min8sec,0,2580,-49.747,51.857
0min8sec,0,2590,-49.862,51.860
0min7sec,0,2600,-46.809,51.848
0min7sec,0,2610,-47.627,51.839
0min9sec,0,2620,-52.508,51.855
0min9sec,0,2630,-55.542,51.889
0min8sec,0,2640,-52.233,51.897
0min8sec,0,2650,-53.168,51.915
0min8sec,0,2660,-51.132,51.925
0min8sec,0,2670,-48.580,51.918
0min8sec,0,2680,-47.853,51.908
0min8sec,0,2690,-49.431,51.905
0min8sec,0,2700,-48.926,51.896
0min8sec,0,2710,-48.134,51.883
0min8sec,0,2720,-48.128,51.877
0min8sec,0,2730,-48.831,51.874
0min8sec,0,2740,-49.880,51.875
0min8sec,0,2750,-49.152,51.874
0min8sec,0,2760,-46.976,51.865
0min8sec,0,2770,-45.421,51.844
0min8sec,0,2780,-46.787,51.834
0min7sec,0,2790,-45.049,51.811
0min7sec,0,2800,-45.239,51.793
0min7sec,0,2810,-44.352,51.769
0min7sec,0,2820,-47.997,51.763
0min7sec,0,2830,-46.188,51.754
0min6sec,0,2840,-44.952,51.730
0min6sec,0,2850,-45.386,51.710
0min6sec,0,2860,-45.660,51.690
0min7sec,0,2870,-44.819,51.667
0min7sec,0,2880,-44.636,51.647
0min6sec,0,2890,-44.981,51.628
0min6sec,0,2900,-44.661,51.608
0min7sec,0,2910,-44.202,51.583
0min7sec,0,2920,-44.575,51.569
0min7sec,0,2930,-45.908,51.563
0min7sec,0,2940,-46.980,51.563
0min7sec,0,2950,-45.409,51.552
0min7sec,0,2960,-44.046,51.535
0min7sec,0,2970,-44.790,51.521
0min8sec,0,2980,-46.432,51.515
0min8sec,0,2990,-50.743,51.524
0min8sec,0,3000,-48.082,51.514
0min7sec,0,3010,-47.319,51.496
0min7sec,0,3020,-46.540,51.474
0min7sec,0,3030,-46.059,51.450
0min7sec,0,3040,-46.914,51.433
0min7sec,0,3050,-47.477,51.416
0min7sec,0,3060,-46.636,51.396
0min7sec,0,3070,-45.805,51.375
0min6sec,0,3080,-44.488,51.340
0min6sec,0,3090,-45.662,51.312
0min6sec,0,3100,-45.737,51.285
0min6sec,0,3110,-45.327,51.255
0min6sec,0,3120,-45.548,51.226
0min6sec,0,3130,-45.241,51.195
0min6sec,0,3140,-44.680,51.160
0min6sec,0,3150,-47.250,51.137
0min6sec,0,3160,-47.791,51.127
0min6sec,0,3170,-47.505,51.111
0min6sec,0,3180,-47.120,51.091
0min6sec,0,3190,-45.765,51.065
0min6sec,0,3200,-45.692,51.040
0min6sec,0,3210,-45.079,51.009
0min7sec,0,3220,-46.061,50.984
0min7sec,0,3230,-45.675,50.955
0min7sec,0,3240,-45.805,50.930
0min8sec,0,3250,-51.278,50.925
0min8sec,0,3260,-48.376,50.907
0min6sec,0,3270,-46.900,50.873
0min7sec,0,3280,-47.262,50.845
0min7sec,0,3290,-47.075,50.816
0min6sec,0,3300,-47.611,50.790
0min7sec,0,3310,-47.868,50.765
0min7sec,0,3320,-47.815,50.743
0min7sec,0,3330,-46.751,50.715
0min7sec,0,3340,-46.359,50.684
0min7sec,0,3350,-45.446,50.648
0min7sec,0,3360,-45.927,50.615
0min7sec,0,3370,-46.263,50.585
0min7sec,0,3380,-46.507,50.557
0min6sec,0,3390,-46.309,50.524
0min7sec,0,3400,-47.373,50.500
0min8sec,0,3410,-55.541,50.512
0min7sec,0,3420,-52.117,50.507
0min7sec,0,3430,-54.356,50.509
0min7sec,0,3440,-53.432,50.508
0min7sec,0,3450,-51.365,50.496
0min8sec,0,3460,-52.489,50.493
0min7sec,0,3470,-50.074,50.473
0min8sec,0,3480,-52.723,50.464
0min9sec,0,3490,-57.089,50.485
0min10sec,0,3500,-62.068,50.525
0min9sec,0,3510,-61.954,50.568
0min9sec,0,3520,-63.263,50.612
0min9sec,0,3530,-62.859,50.660
0min9sec,0,3540,-63.960,50.714
0min10sec,0,3550,-64.735,50.765
0min9sec,0,3560,-60.748,50.797
0min9sec,0,3570,-61.322,50.833
0min9sec,0,3580,-61.279,50.872
0min9sec,0,3590,-60.713,50.907
0min9sec,0,3600,-59.152,50.929
0min9sec,0,3610,-59.435,50.956
0min9sec,0,3620,-59.932,50.990
0min9sec,0,3630,-60.233,51.015
0min8sec,0,3640,-57.210,51.030
0min8sec,0,3650,-56.095,51.042
0min8sec,0,3660,-55.394,51.053
0min8sec,0,3670,-54.737,51.063
0min9sec,0,3680,-59.143,51.104
0min9sec,0,3690,-58.242,51.137
0min9sec,0,3700,-59.234,51.168
0min9sec,0,3710,-59.496,51.205
0min9sec,0,3720,-59.531,51.238
0min9sec,0,3730,-59.529,51.272
0min9sec,0,3740,-58.813,51.303
0min8sec,0,3750,-56.035,51.325
0min7sec,0,3760,-52.480,51.328
0min7sec,0,3770,-51.922,51.330
0min7sec,0,3780,-53.099,51.336
0min9sec,0,3790,-57.685,51.375
0min8sec,0,3800,-55.495,51.399
0min8sec,0,3810,-51.780,51.410
0min6sec,0,3820,-49.690,51.406
0min7sec,0,3830,-49.943,51.402
0min8sec,0,3840,-51.135,51.413
0min7sec,0,3850,-47.507,51.397
0min6sec,0,3860,-48.642,51.390
0min6sec,0,3870,-47.523,51.375
0min6sec,0,3880,-48.193,51.367
0min6sec,0,3890,-49.010,51.362
0min7sec,0,3900,-48.350,51.359
0min6sec,0,3910,-48.377,51.355
0min6sec,0,3920,-46.745,51.339
0min6sec,0,3930,-46.887,51.326
0min6sec,0,3940,-47.378,51.316
0min6sec,0,3950,-47.724,51.306
0min6sec,0,3960,-47.677,51.297
0min6sec,0,3970,-48.055,51.291
0min6sec,0,3980,-49.211,51.292
0min6sec,0,3990,-49.538,51.291
0min6sec,0,4000,-49.441,51.291
0min6sec,0,4010,-49.277,51.294
0min6sec,0,4020,-49.181,51.297
0min6sec,0,4030,-49.693,51.303
0min6sec,0,4040,-49.004,51.307
0min6sec,0,4050,-48.806,51.307
0min6sec,0,4060,-48.300,51.306
0min6sec,0,4070,-46.707,51.295
0min6sec,0,4080,-45.678,51.280
0min6sec,0,4090,-45.736,51.262
0min7sec,0,4100,-45.738,51.244
0min7sec,0,4110,-46.461,51.231
0min7sec,0,4120,-47.196,51.222
0min7sec,0,4130,-45.961,51.205
0min6sec,0,4140,-45.796,51.189
0min6sec,0,4150,-45.012,51.169
0min6sec,0,4160,-44.824,51.149
0min6sec,0,4170,-44.257,51.127
0min6sec,0,4180,-44.024,51.105
0min6sec,0,4190,-43.345,51.080
0min6sec,0,4200,-43.287,51.054
0min6sec,0,4210,-42.893,51.027
0min6sec,0,4220,-42.712,50.998
0min7sec,0,4230,-43.616,50.973
0min7sec,0,4240,-43.253,50.949
0min6sec,0,4250,-43.687,50.926
0min6sec,0,4260,-43.440,50.903
0min7sec,0,4270,-44.685,50.889
0min7sec,0,4280,-43.964,50.871
0min7sec,0,4290,-43.370,50.850
0min6sec,0,4300,-43.247,50.827
0min6sec,0,4310,-43.359,50.807
0min6sec,0,4320,-42.918,50.781
0min6sec,0,4330,-42.792,50.755
0min6sec,0,4340,-42.820,50.731
0min6sec,0,4350,-42.879,50.706
0min7sec,0,4360,-44.550,50.692
0min7sec,0,4370,-46.865,50.690
0min8sec,0,4380,-46.971,50.693
0min7sec,0,4390,-45.573,50.683
0min7sec,0,4400,-44.259,50.666
0min6sec,0,4410,-42.348,50.641
0min6sec,0,4420,-42.418,50.615
0min6sec,0,4430,-42.076,50.587
0min6sec,0,4440,-42.206,50.560
0min6sec,0,4450,-41.989,50.532
0min6sec,0,4460,-42.486,50.506
0min6sec,0,4470,-42.344,50.480
0min6sec,0,4480,-42.130,50.452
0min7sec,0,4490,-43.025,50.430
0min7sec,0,4500,-43.872,50.415
0min7sec,0,4510,-44.846,50.402
0min7sec,0,4520,-45.645,50.394
0min7sec,0,4530,-45.357,50.385
0min7sec,0,4540,-45.839,50.377
0min7sec,0,4550,-44.766,50.365
0min7sec,0,4560,-43.631,50.346
0min7sec,0,4570,-43.902,50.329
0min7sec,0,4580,-43.420,50.311
0min7sec,0,4590,-43.591,50.293
0min7sec,0,4600,-43.544,50.276
0min7sec,0,4610,-43.555,50.261
0min7sec,0,4620,-44.282,50.246
0min8sec,0,4630,-46.768,50.245
0min7sec,0,4640,-46.524,50.245
0min7sec,0,4650,-44.680,50.232
0min6sec,0,4660,-42.688,50.209
0min7sec,0,4670,-43.434,50.190
0min6sec,0,4680,-43.220,50.171
0min6sec,0,4690,-43.436,50.155
0min6sec,0,4700,-44.201,50.142
0min6sec,0,4710,-43.549,50.127
0min6sec,0,4720,-44.312,50.114
0min7sec,0,4730,-45.286,50.107
0min7sec,0,4740,-46.283,50.106
0min7sec,0,4750,-44.780,50.099
0min7sec,0,4760,-44.718,50.086
0min7sec,0,4770,-43.798,50.071
0min7sec,0,4780,-44.811,50.061
0min7sec,0,4790,-44.414,50.048
0min8sec,0,4800,-44.870,50.039
0min7sec,0,4810,-44.803,50.032
0min7sec,0,4820,-44.109,50.021
0min8sec,0,4830,-45.206,50.018
0min8sec,0,4840,-46.250,50.023
0min8sec,0,4850,-46.292,50.024
0min8sec,0,4860,-45.324,50.021
0min8sec,0,4870,-45.487,50.020
0min8sec,0,4880,-45.243,50.020
0min8sec,0,4890,-45.496,50.022
0min8sec,0,4900,-45.491,50.024
0min7sec,0,4910,-44.545,50.022
0min7sec,0,4920,-45.289,50.024
0min7sec,0,4930,-45.218,50.024
0min7sec,0,4940,-44.833,50.022
0min7sec,0,4950,-45.438,50.023
0min7sec,0,4960,-44.381,50.021
0min7sec,0,4970,-44.039,50.017
0min7sec,0,4980,-43.547,50.010
0min7sec,0,4990,-43.011,50.002
0min7sec,0,5000,-43.114,49.995
0min7sec,0,5010,-42.403,49.983
0min7sec,0,5020,-42.159,49.968
0min7sec,0,5030,-42.789,49.959
0min7sec,0,5040,-42.032,49.946
0min7sec,0,5050,-42.447,49.935
0min7sec,0,5060,-41.881,49.921
0min7sec,0,5070,-41.947,49.907
0min7sec,0,5080,-41.917,49.892
0min7sec,0,5090,-42.210,49.881
0min7sec,0,5100,-41.781,49.867
0min7sec,0,5110,-42.108,49.854
0min7sec,0,5120,-41.899,49.840
0min7sec,0,5130,-42.360,49.827
0min8sec,0,5140,-42.663,49.818
0min8sec,0,5150,-42.339,49.809
0min8sec,0,5160,-41.816,49.799
0min7sec,0,5170,-40.988,49.786
0min7sec,0,5180,-41.034,49.771
0min8sec,0,5190,-41.894,49.764
0min7sec,0,5200,-41.065,49.750
0min7sec,0,5210,-41.259,49.737
0min7sec,0,5220,-41.472,49.723
0min7sec,0,5230,-41.577,49.713
0min7sec,0,5240,-40.628,49.698
0min7sec,0,5250,-40.218,49.681
0min7sec,0,5260,-40.051,49.663
0min7sec,0,5270,-39.807,49.645
0min7sec,0,5280,-40.238,49.631
0min7sec,0,5290,-40.426,49.618
0min7sec,0,5300,-41.043,49.607
0min7sec,0,5310,-41.007,49.597
0min7sec,0,5320,-40.643,49.585
0min7sec,0,5330,-40.658,49.572
0min7sec,0,5340,-40.340,49.558
0min7sec,0,5350,-40.176,49.542
0min7sec,0,5360,-40.297,49.527
0min7sec,0,5370,-40.705,49.515
0min7sec,0,5380,-41.666,49.507
0min7sec,0,5390,-43.604,49.512
0min7sec,0,5400,-44.024,49.520
0min6sec,0,5410,-43.992,49.528
0min7sec,0,5420,-44.436,49.539
0min7sec,0,5430,-43.116,49.542
0min7sec,0,5440,-42.946,49.544
0min7sec,0,5450,-42.927,49.546
0min8sec,0,5460,-45.785,49.561
0min8sec,0,5470,-44.882,49.571
0min8sec,0,5480,-45.294,49.580
0min7sec,0,5490,-43.404,49.569
0min7sec,0,5500,-44.620,49.563
0min8sec,0,5510,-45.295,49.563
0min7sec,0,5520,-43.969,49.556
0min7sec,0,5530,-44.711,49.553
0min8sec,0,5540,-45.289,49.554
0min7sec,0,5550,-45.664,49.556
0min8sec,0,5560,-45.868,49.563
0min8sec,0,5570,-46.446,49.572
0min7sec,0,5580,-45.568,49.576
0min7sec,0,5590,-46.011,49.581
0min7sec,0,5600,-45.334,49.584
0min7sec,0,5610,-46.269,49.591
0min7sec,0,5620,-45.439,49.593
0min7sec,0,5630,-44.393,49.591
0min7sec,0,5640,-44.936,49.591
0min7sec,0,5650,-44.232,49.585
0min9sec,0,5660,-47.789,49.597
0min9sec,0,5670,-50.266,49.624
0min10sec,0,5680,-50.749,49.658
0min8sec,0,5690,-47.188,49.670
0min7sec,0,5700,-45.039,49.663
0min7sec,0,5710,-46.651,49.660
0min7sec,0,5720,-46.153,49.660
0min7sec,0,5730,-44.677,49.648
0min7sec,0,5740,-45.887,49.642
0min7sec,0,5750,-45.961,49.641
0min7sec,0,5760,-45.767,49.639
0min7sec,0,5770,-45.223,49.631
0min7sec,0,5780,-45.866,49.627
0min7sec,0,5790,-45.026,49.618
0min7sec,0,5800,-44.457,49.606
0min8sec,0,5810,-46.749,49.605
0min7sec,0,5820,-45.428,49.599
0min7sec,0,5830,-44.849,49.585
0min7sec,0,5840,-48.018,49.583
0min8sec,0,5850,-49.256,49.587
0min7sec,0,5860,-48.987,49.586
0min7sec,0,5870,-49.021,49.583
0min8sec,0,5880,-50.346,49.580
0min8sec,0,5890,-48.843,49.570
0min8sec,0,5900,-49.560,49.564
0min8sec,0,5910,-49.615,49.557
0min8sec,0,5920,-51.038,49.553
0min7sec,0,5930,-50.251,49.544
0min9sec,0,5940,-55.136,49.554
0min9sec,0,5950,-56.345,49.568
0min9sec,0,5960,-57.051,49.575
0min8sec,0,5970,-56.529,49.581
0min8sec,0,5980,-56.696,49.588
0min8sec,0,5990,-57.374,49.595
0min7sec,0,6000,-57.484,49.602
0min7sec,0,6010,-56.434,49.605
0min8sec,0,6020,-57.584,49.611
0min8sec,0,6030,-58.346,49.621
0min7sec,0,6040,-56.151,49.622
0min7sec,0,6050,-56.100,49.623
0min7sec,0,6060,-56.347,49.625
0min7sec,0,6070,-56.780,49.629
0min7sec,0,6080,-56.877,49.632
0min8sec,0,6090,-56.592,49.635
0min7sec,0,6100,-56.607,49.637
0min7sec,0,6110,-55.902,49.638
0min7sec,0,6120,-55.644,49.636
0min7sec,0,6130,-55.763,49.636
0min7sec,0,6140,-55.968,49.636
0min7sec,0,6150,-56.273,49.641
0min7sec,0,6160,-56.360,49.646
0min7sec,0,6170,-55.911,49.649
0min7sec,0,6180,-55.550,49.650
0min7sec,0,6190,-56.015,49.654
0min8sec,0,6200,-55.492,49.656
0min7sec,0,6210,-55.595,49.659
0min8sec,0,6220,-56.183,49.663
0min9sec,0,6230,-58.176,49.678
0min8sec,0,6240,-56.968,49.686
0min7sec,0,6250,-56.271,49.686
0min7sec,0,6260,-56.836,49.688
0min9sec,0,6270,-62.495,49.726
0min9sec,0,6280,-59.822,49.747
0min9sec,0,6290,-58.132,49.761
0min8sec,0,6300,-57.040,49.767
0min8sec,0,6310,-56.118,49.770
0min8sec,0,6320,-57.385,49.778
0min8sec,0,6330,-57.147,49.785
0min8sec,0,6340,-55.693,49.787
0min7sec,0,6350,-55.873,49.787
0min8sec,0,6360,-56.770,49.792
0min8sec,0,6370,-57.125,49.798
0min8sec,0,6380,-58.061,49.810
0min9sec,0,6390,-59.476,49.832
0min8sec,0,6400,-58.601,49.848
0min8sec,0,6410,-58.038,49.859
0min7sec,0,6420,-56.672,49.864
0min7sec,0,6430,-56.452,49.867
0min7sec,0,6440,-56.239,49.870
0min8sec,0,6450,-56.754,49.878
0min8sec,0,6460,-57.749,49.888
0min8sec,0,6470,-57.448,49.899
0min8sec,0,6480,-57.239,49.905
0min8sec,0,6490,-57.386,49.914
0min8sec,0,6500,-58.024,49.926
0min8sec,0,6510,-57.231,49.935
0min8sec,0,6520,-57.549,49.946
0min8sec,0,6530,-57.388,49.957
0min7sec,0,6540,-56.305,49.960
0min7sec,0,6550,-56.289,49.963
0min8sec,0,6560,-56.667,49.969
0min7sec,0,6570,-56.259,49.972
0min7sec,0,6580,-56.135,49.973
0min7sec,0,6590,-56.238,49.977
0min7sec,0,6600,-56.472,49.981
0min7sec,0,6610,-56.319,49.986
0min7sec,0,6620,-56.449,49.992
0min7sec,0,6630,-55.984,49.995
0min8sec,0,6640,-56.560,50.001
0min8sec,0,6650,-57.044,50.011
0min8sec,0,6660,-57.058,50.020
0min8sec,0,6670,-56.259,50.027
0min7sec,0,6680,-55.632,50.029
0min7sec,0,6690,-55.631,50.029
0min7sec,0,6700,-55.956,50.031
0min8sec,0,6710,-55.885,50.036
0min8sec,0,6720,-56.346,50.041
0min8sec,0,6730,-56.929,50.050
0min8sec,0,6740,-56.961,50.059
0min8sec,0,6750,-57.597,50.072
0min8sec,0,6760,-57.264,50.083
0min8sec,0,6770,-56.527,50.090
0min8sec,0,6780,-56.014,50.095
0min8sec,0,6790,-56.364,50.099
0min8sec,0,6800,-55.941,50.103
0min8sec,0,6810,-56.059,50.107
0min7sec,0,6820,-56.500,50.112
0min7sec,0,6830,-55.871,50.113
0min7sec,0,6840,-55.897,50.116
0min7sec,0,6850,-55.777,50.118
0min8sec,0,6860,-56.461,50.124
0min8sec,0,6870,-56.495,50.128
0min8sec,0,6880,-56.314,50.132
0min7sec,0,6890,-56.422,50.137
0min7sec,0,6900,-55.844,50.139
0min7sec,0,6910,-55.646,50.139
0min7sec,0,6920,-55.323,50.138
0min7sec,0,6930,-55.206,50.137
0min7sec,0,6940,-55.339,50.138
0min7sec,0,6950,-55.032,50.138
0min7sec,0,6960,-55.381,50.139
0min8sec,0,6970,-56.385,50.144
0min8sec,0,6980,-57.121,50.153
0min8sec,0,6990,-57.158,50.163
0min8sec,0,7000,-57.596,50.177
0min8sec,0,7010,-56.743,50.187
0min8sec,0,7020,-56.598,50.197
0min8sec,0,7030,-56.294,50.206
0min8sec,0,7040,-56.295,50.215
0min8sec,0,7050,-56.176,50.225
0min8sec,0,7060,-56.530,50.235
0min8sec,0,7070,-56.828,50.248
0min8sec,0,7080,-56.247,50.258
0min8sec,0,7090,-55.610,50.267
0min8sec,0,7100,-55.402,50.273
0min8sec,0,7110,-55.933,50.283
0min8sec,0,7120,-55.163,50.288
0min7sec,0,7130,-53.867,50.289
0min7sec,0,7140,-53.688,50.288
0min7sec,0,7150,-53.791,50.287
0min8sec,0,7160,-54.167,50.288
0min8sec,0,7170,-54.110,50.290
0min8sec,0,7180,-54.232,50.292
0min8sec,0,7190,-53.932,50.293
0min8sec,0,7200,-53.463,50.290
0min8sec,0,7210,-53.837,50.292
0min8sec,0,7220,-54.235,50.296
0min8sec,0,7230,-54.193,50.300
0min7sec,0,7240,-53.195,50.299
0min8sec,0,7250,-54.186,50.305
0min8sec,0,7260,-54.280,50.311
0min8sec,0,7270,-54.234,50.314
0min7sec,0,7280,-53.325,50.312
0min8sec,0,7290,-53.683,50.314
0min7sec,0,7300,-53.765,50.314
0min7sec,0,7310,-54.059,50.315
0min8sec,0,7320,-53.947,50.315
0min8sec,0,7330,-53.829,50.316
0min8sec,0,7340,-53.324,50.316
0min8sec,0,7350,-53.681,50.317
0min8sec,0,7360,-52.925,50.317
0min8sec,0,7370,-53.422,50.319
0min7sec,0,7380,-53.074,50.316
0min7sec,0,7390,-52.724,50.312
0min7sec,0,7400,-52.844,50.309
0min7sec,0,7410,-52.800,50.306
0min7sec,0,7420,-52.943,50.304
0min7sec,0,7430,-52.350,50.300
0min7sec,0,7440,-51.924,50.296
0min7sec,0,7450,-52.452,50.294
0min7sec,0,7460,-52.083,50.289
0min8sec,0,7470,-52.057,50.284
0min8sec,0,7480,-52.636,50.284
0min8sec,0,7490,-52.157,50.280
0min8sec,0,7500,-54.286,50.284
0min8sec,0,7510,-54.695,50.292
0min8sec,0,7520,-53.585,50.296
0min8sec,0,7530,-53.604,50.300
0min8sec,0,7540,-53.519,50.304
0min8sec,0,7550,-54.192,50.312
0min8sec,0,7560,-53.513,50.315
0min8sec,0,7570,-53.631,50.319
0min8sec,0,7580,-54.185,50.327
0min8sec,0,7590,-55.197,50.340
0min9sec,0,7600,-55.426,50.355
0min9sec,0,7610,-55.210,50.368
0min8sec,0,7620,-54.712,50.381
0min8sec,0,7630,-54.550,50.393
0min8sec,0,7640,-54.479,50.405
0min8sec,0,7650,-54.251,50.416
0min8sec,0,7660,-54.091,50.427
0min8sec,0,7670,-53.144,50.433
0min8sec,0,7680,-53.903,50.441
0min8sec,0,7690,-53.906,50.449
0min8sec,0,7700,-53.889,50.460
0min8sec,0,7710,-53.984,50.471
0min8sec,0,7720,-54.130,50.482
0min8sec,0,7730,-53.977,50.493
0min8sec,0,7740,-53.599,50.503
0min8sec,0,7750,-52.798,50.509
0min8sec,0,7760,-52.672,50.515
0min9sec,0,7770,-53.023,50.523
0min10sec,0,7780,-57.405,50.553
0min10sec,0,7790,-57.638,50.586
0min11sec,0,7800,-59.117,50.624
0min11sec,0,7810,-59.559,50.665
0min11sec,0,7820,-61.031,50.710
0min11sec,0,7830,-60.663,50.756
0min10sec,0,7840,-59.249,50.794
0min9sec,0,7850,-56.987,50.823
0min10sec,0,7860,-57.598,50.855
0min10sec,0,7870,-60.042,50.895
0min10sec,0,7880,-58.628,50.934
0min10sec,0,7890,-57.589,50.967
0min10sec,0,7900,-56.197,50.996
0min9sec,0,7910,-56.911,51.031
0min9sec,0,7920,-56.164,51.062
0min9sec,0,7930,-55.962,51.094
0min9sec,0,7940,-52.929,51.118
0min7sec,0,7950,-49.798,51.124
0min7sec,0,7960,-49.179,51.126
0min7sec,0,7970,-48.776,51.129
0min7sec,0,7980,-49.576,51.133
0min7sec,0,7990,-49.822,51.139
0min7sec,0,8000,-49.443,51.145
0min6sec,0,8010,-49.654,51.151
0min7sec,0,8020,-49.893,51.158
0min7sec,0,8030,-49.606,51.164
0min7sec,0,8040,-49.590,51.171
0min6sec,0,8050,-49.113,51.176
0min7sec,0,8060,-49.204,51.181
0min7sec,0,8070,-49.650,51.186
0min7sec,0,8080,-49.455,51.192
0min6sec,0,8090,-49.875,51.200
0min6sec,0,8100,-49.810,51.207
0min7sec,0,8110,-48.797,51.211
0min7sec,0,8120,-48.953,51.214
0min7sec,0,8130,-48.440,51.217
0min7sec,0,8140,-49.022,51.221
0min7sec,0,8150,-48.409,51.222
0min7sec,0,8160,-48.812,51.224
0min7sec,0,8170,-48.448,51.226
0min8sec,0,8180,-48.915,51.230
0min8sec,0,8190,-49.485,51.233
0min7sec,0,8200,-48.918,51.233
0min7sec,0,8210,-48.910,51.234
0min7sec,0,8220,-48.743,51.232
0min7sec,0,8230,-48.817,51.230
0min7sec,0,8240,-49.127,51.231
0min7sec,0,8250,-49.117,51.231
0min7sec,0,8260,-48.708,51.229
0min7sec,0,8270,-48.905,51.229
0min7sec,0,8280,-48.780,51.228
0min7sec,0,8290,-48.863,51.228
0min7sec,0,8300,-48.802,51.228
0min7sec,0,8310,-49.054,51.230
0min7sec,0,8320,-48.863,51.229
0min7sec,0,8330,-50.578,51.235
0min8sec,0,8340,-51.301,51.243
0min9sec,0,8350,-53.506,51.258
0min10sec,0,8360,-54.358,51.283
0min11sec,0,8370,-57.585,51.320
0min11sec,0,8380,-55.935,51.354
0min10sec,0,8390,-56.310,51.387
0min8sec,0,8400,-51.069,51.402
0min7sec,0,8410,-49.401,51.408
0min7sec,0,8420,-48.608,51.411
0min7sec,0,8430,-48.294,51.411
0min7sec,0,8440,-47.537,51.408
0min7sec,0,8450,-48.249,51.407
0min7sec,0,8460,-47.810,51.405
0min7sec,0,8470,-48.385,51.406
0min7sec,0,8480,-47.972,51.405
0min7sec,0,8490,-47.951,51.405
0min7sec,0,8500,-47.351,51.402
0min7sec,0,8510,-47.248,51.399
0min7sec,0,8520,-47.298,51.397
0min7sec,0,8530,-47.637,51.397
0min7sec,0,8540,-47.366,51.396
0min7sec,0,8550,-47.236,51.395
0min7sec,0,8560,-47.124,51.393
0min7sec,0,8570,-47.235,51.391
0min6sec,0,8580,-46.972,51.389
0min7sec,0,8590,-46.969,51.387
0min7sec,0,8600,-47.431,51.388
0min6sec,0,8610,-47.307,51.390
0min6sec,0,8620,-47.438,51.392
0min6sec,0,8630,-47.403,51.393
0min6sec,0,8640,-47.155,51.394
0min6sec,0,8650,-47.434,51.396
0min6sec,0,8660,-47.735,51.399
0min7sec,0,8670,-47.273,51.400
0min7sec,0,8680,-47.235,51.400
0min6sec,0,8690,-47.540,51.400
0min6sec,0,8700,-47.695,51.401
0min7sec,0,8710,-47.837,51.403
0min6sec,0,8720,-48.322,51.407
0min6sec,0,8730,-47.968,51.409
0min7sec,0,8740,-48.450,51.414
0min6sec,0,8750,-48.611,51.419
0min7sec,0,8760,-48.110,51.423
0min7sec,0,8770,-48.517,51.428
0min7sec,0,8780,-48.471,51.433
0min7sec,0,8790,-48.319,51.438
0min7sec,0,8800,-48.319,51.443
0min7sec,0,8810,-48.589,51.450
0min7sec,0,8820,-48.487,51.456
0min7sec,0,8830,-48.505,51.462
0min7sec,0,8840,-48.314,51.467
0min7sec,0,8850,-48.192,51.471
0min6sec,0,8860,-47.875,51.475
0min6sec,0,8870,-46.972,51.475
0min6sec,0,8880,-47.153,51.477
0min7sec,0,8890,-46.641,51.476
0min6sec,0,8900,-46.738,51.474
0min6sec,0,8910,-46.377,51.471
0min6sec,0,8920,-46.339,51.469
0min6sec,0,8930,-46.141,51.466
0min6sec,0,8940,-46.285,51.464
0min6sec,0,8950,-46.847,51.464
0min6sec,0,8960,-46.277,51.462
0min6sec,0,8970,-46.114,51.458
0min6sec,0,8980,-45.721,51.453
0min7sec,0,8990,-46.518,51.452
0min7sec,0,9000,-46.666,51.454
0min6sec,0,9010,-46.683,51.454
0min7sec,0,9020,-46.964,51.457
0min7sec,0,9030,-47.301,51.460
0min7sec,0,9040,-47.939,51.465
0min7sec,0,9050,-47.774,51.471
0min7sec,0,9060,-48.293,51.479
0min7sec,0,9070,-47.714,51.485
0min7sec,0,9080,-47.872,51.491
0min7sec,0,9090,-47.700,51.497
0min7sec,0,9100,-46.942,51.500
0min7sec,0,9110,-47.100,51.502
0min7sec,0,9120,-47.027,51.505
0min7sec,0,9130,-46.697,51.506
0min7sec,0,9140,-46.525,51.508
0min7sec,0,9150,-46.651,51.510
0min6sec,0,9160,-46.422,51.511
0min7sec,0,9170,-46.274,51.511
0min7sec,0,9180,-46.389,51.513
0min7sec,0,9190,-46.756,51.516
0min7sec,0,9200,-46.493,51.517
0min7sec,0,9210,-46.880,51.522
0min7sec,0,9220,-47.103,51.525
0min7sec,0,9230,-46.856,51.529
0min7sec,0,9240,-46.868,51.533
0min7sec,0,9250,-46.623,51.535
0min7sec,0,9260,-46.292,51.537
0min7sec,0,9270,-47.052,51.543
0min7sec,0,9280,-46.813,51.548
0min7sec,0,9290,-46.570,51.552
0min7sec,0,9300,-46.962,51.558
0min7sec,0,9310,-46.992,51.563
0min8sec,0,9320,-47.487,51.573
0min7sec,0,9330,-46.486,51.578
0min7sec,0,9340,-46.189,51.583
0min7sec,0,9350,-46.356,51.586
0min9sec,0,9360,-46.798,51.595
0min7sec,0,9370,-45.625,51.597
0min7sec,0,9380,-45.122,51.598
0min7sec,0,9390,-45.410,51.601
0min7sec,0,9400,-45.720,51.604
0min7sec,0,9410,-45.268,51.606
0min7sec,0,9420,-45.024,51.607
0min7sec,0,9430,-45.290,51.610
0min7sec,0,9440,-45.968,51.615
0min6sec,0,9450,-45.648,51.620
0min7sec,0,9460,-45.687,51.624
0min6sec,0,9470,-45.068,51.627
0min7sec,0,9480,-45.069,51.629
0min7sec,0,9490,-44.948,51.630
0min6sec,0,9500,-44.536,51.630
0min7sec,0,9510,-44.945,51.633
0min7sec,0,9520,-44.542,51.633
0min7sec,0,9530,-44.587,51.632
0min7sec,0,9540,-44.433,51.634
0min7sec,0,9550,-44.918,51.636
0min7sec,0,9560,-44.696,51.637
0min7sec,0,9570,-44.326,51.637
0min7sec,0,9580,-44.487,51.638
0min6sec,0,9590,-44.580,51.639
0min6sec,0,9600,-44.170,51.638
0min7sec,0,9610,-44.799,51.640
0min7sec,0,9620,-44.464,51.641
0min7sec,0,9630,-44.655,51.644
0min7sec,0,9640,-44.287,51.645
0min7sec,0,9650,-44.165,51.646
0min7sec,0,9660,-43.993,51.646
0min7sec,0,9670,-43.975,51.646
0min7sec,0,9680,-43.824,51.645
0min7sec,0,9690,-43.758,51.645
0min7sec,0,9700,-43.462,51.643
0min7sec,0,9710,-43.752,51.643
0min7sec,0,9720,-43.666,51.643
0min7sec,0,9730,-43.773,51.643
0min7sec,0,9740,-43.777,51.643
0min7sec,0,9750,-43.769,51.643
0min7sec,0,9760,-43.840,51.644
0min7sec,0,9770,-43.967,51.645
0min7sec,0,9780,-43.609,51.645
0min7sec,0,9790,-44.045,51.647
0min7sec,0,9800,-44.392,51.650
0min7sec,0,9810,-44.188,51.652
0min7sec,0,9820,-43.763,51.653
0min7sec,0,9830,-44.065,51.655
0min7sec,0,9840,-43.422,51.655
0min7sec,0,9850,-43.283,51.653
0min7sec,0,9860,-43.701,51.654
0min6sec,0,9870,-43.608,51.654
0min6sec,0,9880,-43.715,51.656
0min6sec,0,9890,-43.519,51.655
0min6sec,0,9900,-43.357,51.656
0min7sec,0,9910,-43.252,51.656
0min7sec,0,9920,-43.215,51.655
0min7sec,0,9930,-43.140,51.655
0min7sec,0,9940,-42.918,51.654
0min6sec,0,9950,-43.265,51.653
0min7sec,0,9960,-42.585,51.650
0min7sec,0,9970,-42.553,51.648
0min7sec,0,9980,-43.209,51.649
0min8sec,0,9990,-44.074,51.653
0min8sec,0,10000,-43.615,51.657
0min7sec,0,10010,-42.933,51.659
0min7sec,0,10020,-42.479,51.656
0min7sec,0,10030,-42.523,51.655
0min6sec,0,10040,-42.438,51.654
0min7sec,0,10050,-42.148,51.651
0min7sec,0,10060,-41.849,51.646
0min7sec,0,10070,-42.159,51.643
0min7sec,0,10080,-42.733,51.642
0min7sec,0,10090,-42.439,51.639
0min7sec,0,10100,-42.504,51.638
0min7sec,0,10110,-42.439,51.635
0min7sec,0,10120,-43.359,51.637
0min8sec,0,10130,-43.828,51.643
0min8sec,0,10140,-44.036,51.650
0min7sec,0,10150,-43.739,51.655
0min7sec,0,10160,-43.407,51.660
0min7sec,0,10170,-42.823,51.662
0min7sec,0,10180,-42.290,51.661
0min7sec,0,10190,-42.933,51.663
0min7sec,0,10200,-42.935,51.666
0min7sec,0,10210,-42.202,51.666
0min6sec,0,10220,-42.169,51.665
0min6sec,0,10230,-41.996,51.664
0min7sec,0,10240,-42.051,51.663
0min7sec,0,10250,-41.983,51.664
0min6sec,0,10260,-41.909,51.665
0min6sec,0,10270,-41.756,51.666
0min6sec,0,10280,-41.738,51.666
0min6sec,0,10290,-42.032,51.668
0min6sec,0,10300,-41.755,51.669
0min6sec,0,10310,-41.639,51.670
0min6sec,0,10320,-41.564,51.671
0min6sec,0,10330,-42.232,51.674
0min6sec,0,10340,-41.600,51.674
0min6sec,0,10350,-41.183,51.674
0min6sec,0,10360,-41.244,51.673
0min6sec,0,10370,-40.546,51.668
0min6sec,0,10380,-40.335,51.663
0min6sec,0,10390,-40.596,51.659
0min6sec,0,10400,-40.990,51.657
0min6sec,0,10410,-41.190,51.657
0min7sec,0,10420,-40.579,51.652
0min6sec,0,10430,-40.070,51.644
0min6sec,0,10440,-40.221,51.638
0min6sec,0,10450,-40.420,51.633
0min6sec,0,10460,-40.378,51.627
0min6sec,0,10470,-40.870,51.623
0min6sec,0,10480,-41.045,51.621
0min6sec,0,10490,-41.444,51.620
0min6sec,0,10500,-41.474,51.620
0min6sec,0,10510,-41.154,51.617
0min6sec,0,10520,-41.004,51.615
0min6sec,0,10530,-41.029,51.612
0min6sec,0,10540,-40.629,51.608
0min6sec,0,10550,-40.949,51.605
0min6sec,0,10560,-40.841,51.601
0min6sec,0,10570,-41.033,51.598
0min6sec,0,10580,-41.396,51.597
0min6sec,0,10590,-41.520,51.598
0min6sec,0,10600,-41.587,51.599
0min6sec,0,10610,-41.410,51.599
0min6sec,0,10620,-41.322,51.599
0min6sec,0,10630,-40.771,51.597
0min6sec,0,10640,-40.398,51.592
0min6sec,0,10650,-40.372,51.588
0min6sec,0,10660,-40.808,51.587
0min6sec,0,10670,-40.720,51.584
0min6sec,0,10680,-40.662,51.580
0min6sec,0,10690,-40.749,51.577
0min6sec,0,10700,-40.309,51.573
0min7sec,0,10710,-40.428,51.568
0min7sec,0,10720,-41.486,51.567
0min6sec,0,10730,-40.651,51.563
0min6sec,0,10740,-40.389,51.559
0min7sec,0,10750,-40.588,51.554
0min8sec,0,10760,-41.076,51.551
0min7sec,0,10770,-40.989,51.548
0min6sec,0,10780,-40.137,51.541
0min6sec,0,10790,-40.268,51.535
0min6sec,0,10800,-40.325,51.529
0min6sec,0,10810,-39.966,51.522
0min6sec,0,10820,-39.754,51.514
0min6sec,0,10830,-39.991,51.507
0min6sec,0,10840,-39.871,51.499
0min6sec,0,10850,-39.674,51.490
0min6sec,0,10860,-39.499,51.481
0min6sec,0,10870,-39.892,51.474
0min6sec,0,10880,-40.231,51.468
0min6sec,0,10890,-40.341,51.465
0min6sec,0,10900,-40.266,51.461
0min6sec,0,10910,-39.702,51.453
0min6sec,0,10920,-39.776,51.447
0min6sec,0,10930,-39.826,51.440
0min6sec,0,10940,-39.767,51.434
0min6sec,0,10950,-39.778,51.428
0min6sec,0,10960,-39.760,51.421
0min7sec,0,10970,-39.922,51.416
0min6sec,0,10980,-39.582,51.409
0min6sec,0,10990,-39.530,51.402
0min6sec,0,11000,-39.508,51.394
0min6sec,0,11010,-39.663,51.388
0min6sec,0,11020,-39.518,51.382
0min6sec,0,11030,-39.980,51.378
0min6sec,0,11040,-39.548,51.371
0min6sec,0,11050,-39.054,51.362
0min6sec,0,11060,-38.780,51.351
0min6sec,0,11070,-39.042,51.342
0min6sec,0,11080,-39.109,51.333
0min6sec,0,11090,-39.010,51.324
0min6sec,0,11100,-39.004,51.315
0min6sec,0,11110,-39.220,51.307
0min6sec,0,11120,-39.345,51.300
0min6sec,0,11130,-39.314,51.293
0min6sec,0,11140,-39.454,51.287
0min6sec,0,11150,-39.979,51.284
0min6sec,0,11160,-40.373,51.283
0min6sec,0,11170,-40.636,51.284
0min6sec,0,11180,-40.460,51.285
0min6sec,0,11190,-40.180,51.283
0min6sec,0,11200,-40.023,51.282
0min6sec,0,11210,-40.292,51.281
0min6sec,0,11220,-39.872,51.278
0min6sec,0,11230,-39.839,51.276
0min6sec,0,11240,-39.512,51.270
0min6sec,0,11250,-39.679,51.267
0min6sec,0,11260,-40.304,51.267
0min6sec,0,11270,-40.158,51.266
0min6sec,0,11280,-40.095,51.264
0min6sec,0,11290,-40.323,51.264
0min7sec,0,11300,-40.546,51.265
0min7sec,0,11310,-40.427,51.267
0min7sec,0,11320,-40.154,51.265
0min7sec,0,11330,-39.937,51.263
0min6sec,0,11340,-39.621,51.259
0min6sec,0,11350,-40.233,51.258
0min6sec,0,11360,-39.852,51.255
0min6sec,0,11370,-39.504,51.250
0min6sec,0,11380,-39.936,51.248
0min6sec,0,11390,-39.568,51.243
0min6sec,0,11400,-39.596,51.239
0min6sec,0,11410,-39.399,51.234
0min6sec,0,11420,-39.503,51.229
0min7sec,0,11430,-40.376,51.227
0min7sec,0,11440,-40.436,51.226
0min7sec,0,11450,-41.147,51.231
0min6sec,0,11460,-40.734,51.232
0min6sec,0,11470,-40.649,51.232
0min6sec,0,11480,-39.423,51.225
0min6sec,0,11490,-39.209,51.216
0min6sec,0,11500,-39.137,51.209
0min6sec,0,11510,-39.313,51.202
0min7sec,0,11520,-39.455,51.196
0min7sec,0,11530,-39.209,51.189
0min6sec,0,11540,-39.268,51.182
0min6sec,0,11550,-39.494,51.177
0min6sec,0,11560,-39.615,51.172
0min6sec,0,11570,-39.628,51.167
0min6sec,0,11580,-40.121,51.165
0min6sec,0,11590,-39.883,51.163
0min6sec,0,11600,-39.832,51.161
0min6sec,0,11610,-39.976,51.159
0min6sec,0,11620,-40.241,51.159
0min6sec,0,11630,-40.278,51.160
0min6sec,0,11640,-40.047,51.159
0min6sec,0,11650,-39.848,51.158
0min6sec,0,11660,-40.306,51.159
0min6sec,0,11670,-39.937,51.159
0min6sec,0,11680,-39.899,51.159
0min6sec,0,11690,-39.851,51.158
0min6sec,0,11700,-40.250,51.160
0min6sec,0,11710,-39.760,51.160
0min6sec,0,11720,-39.333,51.157
0min6sec,0,11730,-39.149,51.153
0min6sec,0,11740,-39.013,51.148
0min7sec,0,11750,-39.050,51.144
0min6sec,0,11760,-38.987,51.139
0min6sec,0,11770,-38.874,51.133
0min7sec,0,11780,-39.291,51.129
0min8sec,0,11790,-40.147,51.130
0min9sec,0,11800,-42.153,51.140
0min10sec,0,11810,-43.566,51.162
0min10sec,0,11820,-43.218,51.179
0min9sec,0,11830,-41.372,51.189
0min9sec,0,11840,-41.490,51.196
0min10sec,0,11850,-41.698,51.205
0min9sec,0,11860,-41.011,51.210
0min9sec,0,11870,-42.216,51.218
0min9sec,0,11880,-42.693,51.231
0min8sec,0,11890,-40.911,51.236
0min8sec,0,11900,-40.449,51.239
0min7sec,0,11910,-40.451,51.241
0min7sec,0,11920,-40.277,51.242
0min6sec,0,11930,-40.341,51.244
0min7sec,0,11940,-40.305,51.245
0min7sec,0,11950,-40.108,51.247
0min7sec,0,11960,-40.152,51.247
0min7sec,0,11970,-40.287,51.249
0min7sec,0,11980,-40.056,51.249
0min7sec,0,11990,-39.799,51.249
0min8sec,0,12000,-40.038,51.249
0min8sec,0,12010,-40.057,51.251
0min8sec,0,12020,-39.878,51.252
0min8sec,0,12030,-40.941,51.255
0min9sec,0,12040,-40.642,51.257
0min8sec,0,12050,-40.630,51.260
0min8sec,0,12060,-40.521,51.262
0min7sec,0,12070,-40.169,51.263
0min7sec,0,12080,-39.899,51.263
0min7sec,0,12090,-39.965,51.263
0min8sec,0,12100,-40.497,51.265
0min8sec,0,12110,-40.600,51.269
0min9sec,0,12120,-41.292,51.277
0min10sec,0,12130,-41.710,51.287
0min10sec,0,12140,-42.575,51.301
0min9sec,0,12150,-41.137,51.310
0min8sec,0,12160,-39.856,51.313
0min7sec,0,12170,-39.658,51.315
0min8sec,0,12180,-39.266,51.315
0min8sec,0,12190,-40.051,51.318
0min9sec,0,12200,-40.884,51.328
0min9sec,0,12210,-40.628,51.334
0min8sec,0,12220,-40.277,51.340
0min7sec,0,12230,-39.651,51.341
0min7sec,0,12240,-39.523,51.343
0min7sec,0,12250,-39.148,51.343
0min7sec,0,12260,-39.102,51.342
0min7sec,0,12270,-39.253,51.342
0min7sec,0,12280,-39.226,51.342
0min7sec,0,12290,-39.150,51.341
0min7sec,0,12300,-39.502,51.342
0min7sec,0,12310,-39.600,51.345
0min7sec,0,12320,-40.428,51.352
0min7sec,0,12330,-40.466,51.357
0min7sec,0,12340,-40.071,51.362
0min7sec,0,12350,-40.111,51.368
0min7sec,0,12360,-39.527,51.371
0min7sec,0,12370,-39.264,51.371
0min7sec,0,12380,-39.067,51.371
0min6sec,0,12390,-39.016,51.370
0min7sec,0,12400,-39.268,51.371
0min7sec,0,12410,-39.299,51.371
0min7sec,0,12420,-39.066,51.371
0min7sec,0,12430,-39.331,51.371
0min7sec,0,12440,-39.013,51.371
0min7sec,0,12450,-39.128,51.371
0min6sec,0,12460,-38.656,51.368
0min6sec,0,12470,-38.817,51.367
0min6sec,0,12480,-38.715,51.365
0min7sec,0,12490,-39.811,51.367
0min7sec,0,12500,-40.159,51.372
0min8sec,0,12510,-40.382,51.379
0min7sec,0,12520,-39.467,51.380
0min6sec,0,12530,-39.151,51.378
0min6sec,0,12540,-39.056,51.377
0min6sec,0,12550,-39.695,51.378
0min7sec,0,12560,-40.227,51.381
0min7sec,0,12570,-41.154,51.389
0min6sec,0,12580,-41.253,51.398
0min6sec,0,12590,-40.722,51.405
0min6sec,0,12600,-40.403,51.410
0min6sec,0,12610,-40.101,51.414
0min6sec,0,12620,-39.888,51.417
0min7sec,0,12630,-39.859,51.419
0min6sec,0,12640,-39.691,51.422
0min6sec,0,12650,-39.510,51.424
0min6sec,0,12660,-39.283,51.424
0min6sec,0,12670,-39.214,51.423
0min6sec,0,12680,-39.248,51.422
0min7sec,0,12690,-39.472,51.423
0min7sec,0,12700,-39.488,51.424
0min6sec,0,12710,-39.281,51.424
0min6sec,0,12720,-39.461,51.425
0min6sec,0,12730,-39.496,51.425
0min6sec,0,12740,-39.906,51.429
0min6sec,0,12750,-40.157,51.432
0min6sec,0,12760,-40.046,51.436
0min6sec,0,12770,-39.741,51.438
0min6sec,0,12780,-39.039,51.434
0min7sec,0,12790,-39.366,51.433
0min7sec,0,12800,-39.422,51.433
0min7sec,0,12810,-39.557,51.434
0min7sec,0,12820,-39.493,51.435
0min7sec,0,12830,-39.349,51.434
0min7sec,0,12840,-39.160,51.433
0min6sec,0,12850,-39.104,51.430
0min7sec,0,12860,-39.072,51.428
0min7sec,0,12870,-39.063,51.426
0min6sec,0,12880,-39.191,51.424
0min6sec,0,12890,-39.149,51.423
0min6sec,0,12900,-39.492,51.424
0min7sec,0,12910,-40.018,51.429
0min7sec,0,12920,-40.780,51.437
0min7sec,0,12930,-40.685,51.445
0min7sec,0,12940,-40.302,51.450
0min7sec,0,12950,-41.041,51.460
0min7sec,0,12960,-40.014,51.463
0min7sec,0,12970,-39.867,51.465
0min7sec,0,12980,-39.947,51.468
0min7sec,0,12990,-39.598,51.467
0min7sec,0,13000,-39.589,51.469
0min7sec,0,13010,-39.624,51.470
0min7sec,0,13020,-39.542,51.471
0min7sec,0,13030,-39.267,51.470
0min6sec,0,13040,-39.260,51.469
0min6sec,0,13050,-38.715,51.465
0min6sec,0,13060,-38.614,51.460
0min7sec,0,13070,-38.747,51.457
0min7sec,0,13080,-38.789,51.454
0min6sec,0,13090,-38.941,51.451
0min6sec,0,13100,-38.998,51.449
0min7sec,0,13110,-39.003,51.446
0min6sec,0,13120,-38.771,51.441
0min6sec,0,13130,-38.994,51.437
0min6sec,0,13140,-38.710,51.433
0min6sec,0,13150,-38.903,51.430
0min6sec,0,13160,-38.825,51.427
0min6sec,0,13170,-39.056,51.425
0min6sec,0,13180,-39.171,51.424
0min6sec,0,13190,-38.942,51.421
0min6sec,0,13200,-38.666,51.416
0min6sec,0,13210,-38.769,51.412
0min6sec,0,13220,-38.996,51.409
0min6sec,0,13230,-38.904,51.406
0min6sec,0,13240,-38.958,51.403
0min6sec,0,13250,-38.845,51.399
0min6sec,0,13260,-38.941,51.396
0min6sec,0,13270,-39.596,51.398
0min6sec,0,13280,-39.507,51.399
0min6sec,0,13290,-39.138,51.398
0min7sec,0,13300,-39.565,51.400
0min7sec,0,13310,-39.277,51.401
0min6sec,0,13320,-39.135,51.400
0min6sec,0,13330,-38.975,51.399
0min6sec,0,13340,-38.834,51.397
0min6sec,0,13350,-38.750,51.395
0min6sec,0,13360,-38.822,51.392
0min6sec,0,13370,-38.826,51.390
0min6sec,0,13380,-38.901,51.388
0min6sec,0,13390,-39.167,51.387
0min6sec,0,13400,-38.758,51.384
0min6sec,0,13410,-38.989,51.383
0min6sec,0,13420,-38.988,51.381
0min6sec,0,13430,-38.714,51.378
0min6sec,0,13440,-38.693,51.374
0min6sec,0,13450,-38.774,51.371
0min6sec,0,13460,-38.551,51.367
0min6sec,0,13470,-38.728,51.364
0min6sec,0,13480,-38.863,51.363
0min6sec,0,13490,-38.589,51.360
0min6sec,0,13500,-38.506,51.356
0min6sec,0,13510,-38.441,51.350
0min6sec,0,13520,-38.531,51.346
0min6sec,0,13530,-38.500,51.342
0min7sec,0,13540,-38.638,51.338
0min6sec,0,13550,-38.591,51.334
0min6sec,0,13560,-38.514,51.329
0min6sec,0,13570,-38.660,51.326
0min6sec,0,13580,-39.127,51.325
0min6sec,0,13590,-39.294,51.325
0min6sec,0,13600,-38.983,51.323
0min6sec,0,13610,-39.062,51.322
0min6sec,0,13620,-39.202,51.321
0min6sec,0,13630,-39.024,51.320
0min6sec,0,13640,-39.031,51.319
0min6sec,0,13650,-39.099,51.319
0min6sec,0,13660,-38.947,51.317
0min6sec,0,13670,-38.983,51.317
0min6sec,0,13680,-38.875,51.315
0min6sec,0,13690,-38.856,51.314
0min6sec,0,13700,-38.695,51.311
0min6sec,0,13710,-38.532,51.308
0min6sec,0,13720,-38.504,51.305
0min6sec,0,13730,-38.873,51.303
0min6sec,0,13740,-38.756,51.301
0min6sec,0,13750,-38.805,51.299
0min6sec,0,13760,-38.657,51.296
0min6sec,0,13770,-38.677,51.293
0min6sec,0,13780,-38.548,51.289
0min6sec,0,13790,-38.396,51.285
0min6sec,0,13800,-38.670,51.281
0min6sec,0,13810,-38.657,51.278
0min6sec,0,13820,-38.710,51.275
0min6sec,0,13830,-38.475,51.270
0min6sec,0,13840,-38.752,51.267
0min6sec,0,13850,-38.708,51.264
0min6sec,0,13860,-39.016,51.264
0min6sec,0,13870,-38.912,51.262
0min6sec,0,13880,-39.072,51.261
0min6sec,0,13890,-39.337,51.263
0min6sec,0,13900,-38.987,51.263
0min6sec,0,13910,-39.188,51.265
0min6sec,0,13920,-39.197,51.266
0min6sec,0,13930,-39.217,51.267
0min6sec,0,13940,-38.860,51.267
0min6sec,0,13950,-38.594,51.265
0min6sec,0,13960,-38.474,51.263
0min6sec,0,13970,-37.941,51.257
0min6sec,0,13980,-37.970,51.251
0min6sec,0,13990,-38.206,51.246
0min6sec,0,14000,-38.496,51.244
0min6sec,0,14010,-38.515,51.241
0min6sec,0,14020,-38.530,51.238
0min6sec,0,14030,-38.310,51.234
0min6sec,0,14040,-38.254,51.229
0min6sec,0,14050,-38.008,51.223
0min6sec,0,14060,-38.567,51.221
0min6sec,0,14070,-38.434,51.217
0min6sec,0,14080,-38.410,51.213
0min6sec,0,14090,-38.202,51.209
0min6sec,0,14100,-38.608,51.205
0min6sec,0,14110,-38.752,51.203
0min6sec,0,14120,-38.486,51.200
0min6sec,0,14130,-38.450,51.197
0min6sec,0,14140,-38.467,51.194
0min6sec,0,14150,-38.488,51.190
0min6sec,0,14160,-38.272,51.186
0min6sec,0,14170,-38.193,51.182
0min6sec,0,14180,-38.300,51.179
0min6sec,0,14190,-38.352,51.176
0min6sec,0,14200,-38.348,51.172
0min6sec,0,14210,-38.327,51.170
0min6sec,0,14220,-38.175,51.165
0min6sec,0,14230,-38.054,51.160
0min6sec,0,14240,-38.134,51.156
0min6sec,0,14250,-38.173,51.152
0min6sec,0,14260,-38.189,51.148
0min6sec,0,14270,-38.101,51.143
0min6sec,0,14280,-38.048,51.138
0min6sec,0,14290,-38.247,51.135
0min6sec,0,14300,-38.088,51.130
0min6sec,0,14310,-38.384,51.129
0min6sec,0,14320,-38.169,51.125
0min6sec,0,14330,-38.337,51.123
0min6sec,0,14340,-38.395,51.121
0min6sec,0,14350,-38.622,51.121
0min6sec,0,14360,-38.765,51.121
0min6sec,0,14370,-38.909,51.123
0min6sec,0,14380,-38.828,51.125
0min6sec,0,14390,-38.765,51.125
0min6sec,0,14400,-38.492,51.124
0min6sec,0,14410,-38.271,51.123
0min6sec,0,14420,-38.227,51.121
0min6sec,0,14430,-38.348,51.119
0min6sec,0,14440,-38.065,51.117
0min6sec,0,14450,-37.889,51.113
0min6sec,0,14460,-37.884,51.109
0min6sec,0,14470,-37.726,51.103
0min6sec,0,14480,-37.645,51.097
0min6sec,0,14490,-37.584,51.091
0min6sec,0,14500,-37.535,51.084
0min6sec,0,14510,-37.652,51.079
0min6sec,0,14520,-37.751,51.075
0min6sec,0,14530,-37.822,51.071
0min6sec,0,14540,-37.731,51.066
0min6sec,0,14550,-37.836,51.062
0min6sec,0,14560,-37.606,51.058
0min6sec,0,14570,-37.575,51.053
0min6sec,0,14580,-37.813,51.050
0min6sec,0,14590,-37.672,51.046
0min6sec,0,14600,-37.598,51.042
0min6sec,0,14610,-37.667,51.038
0min6sec,0,14620,-37.706,51.034
0min6sec,0,14630,-37.544,51.029
0min7sec,0,14640,-37.406,51.023
0min7sec,0,14650,-37.128,51.017
0min6sec,0,14660,-37.236,51.011
0min6sec,0,14670,-37.128,51.005
0min6sec,0,14680,-37.069,50.998
0min6sec,0,14690,-37.107,50.992
0min6sec,0,14700,-37.036,50.985
0min6sec,0,14710,-36.929,50.977
0min6sec,0,14720,-37.141,50.971
0min7sec,0,14730,-37.821,50.967
0min7sec,0,14740,-37.699,50.963
0min6sec,0,14750,-37.364,50.957
0min7sec,0,14760,-37.502,50.952
0min6sec,0,14770,-37.509,50.946
0min6sec,0,14780,-37.490,50.941
0min7sec,0,14790,-37.503,50.936
0min7sec,0,14800,-37.294,50.931
0min6sec,0,14810,-37.182,50.924
0min6sec,0,14820,-37.394,50.919
0min6sec,0,14830,-37.109,50.912
0min6sec,0,14840,-37.108,50.906
0min6sec,0,14850,-36.973,50.898
0min6sec,0,14860,-36.843,50.889
0min6sec,0,14870,-37.241,50.883
0min6sec,0,14880,-37.037,50.876
0min6sec,0,14890,-37.212,50.870
0min6sec,0,14900,-37.139,50.863
0min6sec,0,14910,-37.432,50.858
0min6sec,0,14920,-37.549,50.854
0min6sec,0,14930,-37.420,50.850
0min6sec,0,14940,-37.078,50.843
0min6sec,0,14950,-37.177,50.837
0min6sec,0,14960,-37.228,50.831
0min6sec,0,14970,-37.240,50.826
0min6sec,0,14980,-37.375,50.822
0min6sec,0,14990,-37.356,50.817
0min6sec,0,15000,-36.997,50.810
0min6sec,0,15010,-36.966,50.804
0min7sec,0,15020,-36.939,50.798
0min6sec,0,15030,-36.998,50.792
0min6sec,0,15040,-37.005,50.786
0min6sec,0,15050,-37.159,50.781
0min6sec,0,15060,-37.027,50.775
0min6sec,0,15070,-37.061,50.768
0min6sec,0,15080,-36.847,50.761
0min6sec,0,15090,-37.020,50.755
0min6sec,0,15100,-37.034,50.748
0min6sec,0,15110,-37.259,50.743
0min6sec,0,15120,-37.339,50.738
0min6sec,0,15130,-37.351,50.734
0min6sec,0,15140,-37.429,50.731
0min6sec,0,15150,-37.279,50.727
0min6sec,0,15160,-37.423,50.724
0min6sec,0,15170,-37.080,50.719
0min6sec,0,15180,-37.236,50.714
0min6sec,0,15190,-37.212,50.710
0min6sec,0,15200,-37.088,50.705
0min6sec,0,15210,-37.260,50.702
0min6sec,0,15220,-37.390,50.699
0min6sec,0,15230,-37.529,50.697
0min6sec,0,15240,-37.583,50.696
0min6sec,0,15250,-37.530,50.694
0min6sec,0,15260,-37.667,50.693
0min6sec,0,15270,-37.665,50.693
0min7sec,0,15280,-37.450,50.692
0min6sec,0,15290,-37.487,50.690
0min7sec,0,15300,-37.517,50.689
0min6sec,0,15310,-37.436,50.688
0min7sec,0,15320,-37.609,50.688
0min7sec,0,15330,-37.749,50.688
0min7sec,0,15340,-38.035,50.689
0min7sec,0,15350,-37.753,50.690
0min7sec,0,15360,-37.620,50.690
0min7sec,0,15370,-38.095,50.692
0min7sec,0,15380,-37.910,50.693
0min7sec,0,15390,-38.057,50.696
0min7sec,0,15400,-38.634,50.701
0min7sec,0,15410,-38.279,50.705
0min6sec,0,15420,-37.553,50.703
0min7sec,0,15430,-37.422,50.701
0min7sec,0,15440,-37.694,50.700
0min6sec,0,15450,-37.283,50.697
0min6sec,0,15460,-37.448,50.694
0min6sec,0,15470,-37.112,50.690
0min6sec,0,15480,-37.129,50.686
0min6sec,0,15490,-37.182,50.682
0min6sec,0,15500,-37.106,50.678
0min6sec,0,15510,-37.268,50.674
0min6sec,0,15520,-37.097,50.670
0min7sec,0,15530,-37.202,50.666
0min6sec,0,15540,-37.300,50.662
0min6sec,0,15550,-37.547,50.660
0min6sec,0,15560,-37.229,50.656
0min6sec,0,15570,-37.074,50.650
0min6sec,0,15580,-37.447,50.646
0min6sec,0,15590,-37.849,50.645
0min6sec,0,15600,-38.227,50.646
0min6sec,0,15610,-38.328,50.647
0min6sec,0,15620,-38.462,50.648
0min7sec,0,15630,-38.387,50.649
0min7sec,0,15640,-38.554,50.650
0min7sec,0,15650,-38.225,50.650
0min8sec,0,15660,-39.341,50.656
0min9sec,0,15670,-39.457,50.664
0min8sec,0,15680,-39.364,50.669
0min9sec,0,15690,-39.613,50.677
0min9sec,0,15700,-40.017,50.687
0min9sec,0,15710,-40.162,50.696
0min9sec,0,15720,-39.637,50.701
0min9sec,0,15730,-40.829,50.711
0min9sec,0,15740,-39.853,50.719
0min9sec,0,15750,-39.158,50.724
0min9sec,0,15760,-40.142,50.733
0min9sec,0,15770,-39.894,50.739
0min9sec,0,15780,-39.627,50.746
0min9sec,0,15790,-39.682,50.754
0min9sec,0,15800,-38.993,50.758
0min8sec,0,15810,-38.466,50.759
0min9sec,0,15820,-38.573,50.762
0min9sec,0,15830,-38.468,50.765
0min9sec,0,15840,-38.555,50.768
0min9sec,0,15850,-38.949,50.776
0min10sec,0,15860,-39.383,50.782
0min8sec,0,15870,-38.339,50.783
0min7sec,0,15880,-37.569,50.778
0min8sec,0,15890,-38.412,50.777
0min7sec,0,15900,-38.193,50.775
0min7sec,0,15910,-37.951,50.771
0min8sec,0,15920,-38.331,50.770
0min8sec,0,15930,-38.790,50.772
0min8sec,0,15940,-38.162,50.771
0min8sec,0,15950,-38.716,50.771
0min8sec,0,15960,-38.806,50.771
0min8sec,0,15970,-38.509,50.770
0min7sec,0,15980,-38.195,50.768
0min7sec,0,15990,-38.046,50.765
0min7sec,0,16000,-37.921,50.760
0min7sec,0,16010,-37.835,50.756
0min6sec,0,16020,-38.045,50.753
0min6sec,0,16030,-38.088,50.751
0min6sec,0,16040,-37.730,50.746
0min6sec,0,16050,-37.653,50.741
0min6sec,0,16060,-37.553,50.735
0min7sec,0,16070,-37.462,50.728
0min7sec,0,16080,-37.586,50.723
0min7sec,0,16090,-37.642,50.718
0min6sec,0,16100,-37.576,50.713
0min7sec,0,16110,-37.990,50.710
0min6sec,0,16120,-38.015,50.707
0min6sec,0,16130,-38.126,50.704
0min6sec,0,16140,-37.926,50.700
0min6sec,0,16150,-37.917,50.696
0min7sec,0,16160,-38.381,50.694
0min7sec,0,16170,-38.405,50.693
0min6sec,0,16180,-37.927,50.688
0min7sec,0,16190,-37.975,50.684
0min7sec,0,16200,-38.140,50.680
0min7sec,0,16210,-38.288,50.677
0min7sec,0,16220,-38.689,50.676
0min7sec,0,16230,-38.473,50.674
0min8sec,0,16240,-39.362,50.675
0min7sec,0,16250,-38.900,50.675
0min7sec,0,16260,-38.955,50.675
0min8sec,0,16270,-39.283,50.676
0min8sec,0,16280,-39.591,50.679
0min9sec,0,16290,-40.042,50.686
0min9sec,0,16300,-40.109,50.693
0min9sec,0,16310,-39.945,50.699
0min9sec,0,16320,-39.788,50.705
0min8sec,0,16330,-39.539,50.710
0min8sec,0,16340,-38.503,50.710
0min8sec,0,16350,-38.713,50.710
0min9sec,0,16360,-40.030,50.717
0min9sec,0,16370,-39.811,50.723
0min9sec,0,16380,-39.840,50.732
0min8sec,0,16390,-39.031,50.737
0min8sec,0,16400,-38.525,50.739
0min7sec,0,16410,-38.166,50.739
0min7sec,0,16420,-38.162,50.739
0min7sec,0,16430,-37.781,50.736
0min8sec,0,16440,-37.650,50.733
0min8sec,0,16450,-37.731,50.731
0min8sec,0,16460,-37.857,50.730
0min8sec,0,16470,-37.720,50.729
0min8sec,0,16480,-37.483,50.727
0min8sec,0,16490,-37.638,50.726
0min7sec,0,16500,-37.579,50.723
0min8sec,0,16510,-38.151,50.724
0min8sec,0,16520,-37.513,50.722
0min8sec,0,16530,-37.712,50.722
0min8sec,0,16540,-37.852,50.722
0min7sec,0,16550,-37.871,50.722
0min7sec,0,16560,-37.735,50.719
0min7sec,0,16570,-37.500,50.716
0min7sec,0,16580,-37.305,50.713
0min7sec,0,16590,-37.701,50.710
0min8sec,0,16600,-37.758,50.708
0min8sec,0,16610,-38.204,50.708
0min8sec,0,16620,-38.083,50.708
0min8sec,0,16630,-38.151,50.708
0min8sec,0,16640,-39.273,50.713
0min8sec,0,16650,-39.060,50.717
0min9sec,0,16660,-39.273,50.722
0min9sec,0,16670,-39.906,50.729
0min9sec,0,16680,-40.095,50.738
0min9sec,0,16690,-39.535,50.744
0min8sec,0,16700,-39.380,50.750
0min9sec,0,16710,-39.612,50.756
0min9sec,0,16720,-39.692,50.762
0min9sec,0,16730,-39.336,50.766
0min9sec,0,16740,-39.239,50.771
0min9sec,0,16750,-39.535,50.778
0min8sec,0,16760,-39.022,50.782
0min9sec,0,16770,-39.325,50.789
0min10sec,0,16780,-40.065,50.799
0min10sec,0,16790,-41.637,50.816
0min10sec,0,16800,-41.149,50.829
0min9sec,0,16810,-40.630,50.840
0min9sec,0,16820,-40.229,50.849
0min10sec,0,16830,-40.793,50.861
0min9sec,0,16840,-40.054,50.870
0min9sec,0,16850,-39.373,50.875
0min8sec,0,16860,-38.842,50.877
0min8sec,0,16870,-38.917,50.879
0min8sec,0,16880,-38.736,50.880
0min9sec,0,16890,-39.170,50.884
0min9sec,0,16900,-39.703,50.890
0min9sec,0,16910,-39.519,50.897
0min9sec,0,16920,-39.590,50.903
0min9sec,0,16930,-39.849,50.910
0min9sec,0,16940,-39.599,50.915
0min8sec,0,16950,-38.614,50.918
0min8sec,0,16960,-38.298,50.917
0min7sec,0,16970,-37.878,50.914
0min7sec,0,16980,-38.018,50.912
0min7sec,0,16990,-37.976,50.909
0min7sec,0,17000,-37.917,50.906
0min7sec,0,17010,-38.334,50.904
0min8sec,0,17020,-38.660,50.905
0min8sec,0,17030,-38.752,50.905
0min8sec,0,17040,-38.793,50.905
0min8sec,0,17050,-38.626,50.905
0min8sec,0,17060,-38.575,50.905
0min8sec,0,17070,-38.944,50.906
0min9sec,0,17080,-40.149,50.912
0min8sec,0,17090,-39.280,50.915
0min7sec,0,17100,-38.738,50.916
0min7sec,0,17110,-38.596,50.915
0min7sec,0,17120,-38.605,50.915
0min7sec,0,17130,-38.362,50.913
0min7sec,0,17140,-38.700,50.912
0min7sec,0,17150,-38.775,50.912
0min7sec,0,17160,-38.672,50.912
0min7sec,0,17170,-38.841,50.912
0min6sec,0,17180,-38.902,50.913
0min6sec,0,17190,-38.583,50.913
0min6sec,0,17200,-38.646,50.913
0min7sec,0,17210,-38.576,50.913
0min6sec,0,17220,-38.698,50.913
0min6sec,0,17230,-38.648,50.913
0min6sec,0,17240,-38.959,50.914
0min6sec,0,17250,-38.652,50.914
0min6sec,0,17260,-38.470,50.914
0min6sec,0,17270,-38.376,50.913
0min6sec,0,17280,-38.318,50.912
0min6sec,0,17290,-38.299,50.910
0min6sec,0,17300,-38.211,50.909
0min6sec,0,17310,-38.227,50.907
0min6sec,0,17320,-38.229,50.906
0min6sec,0,17330,-38.207,50.904
0min6sec,0,17340,-38.466,50.905
0min6sec,0,17350,-38.358,50.905
0min6sec,0,17360,-38.315,50.905
0min6sec,0,17370,-38.266,50.904
0min6sec,0,17380,-38.319,50.904
0min6sec,0,17390,-38.268,50.904
0min6sec,0,17400,-38.315,50.904
0min6sec,0,17410,-38.400,50.905
0min6sec,0,17420,-38.457,50.907
0min6sec,0,17430,-38.290,50.907
0min6sec,0,17440,-38.393,50.908
0min6sec,0,17450,-38.031,50.907
0min6sec,0,17460,-37.975,50.905
0min6sec,0,17470,-37.965,50.903
0min6sec,0,17480,-37.785,50.901
0min6sec,0,17490,-37.915,50.899
0min6sec,0,17500,-37.840,50.896
0min6sec,0,17510,-38.420,50.895
0min7sec,0,17520,-38.556,50.896
0min7sec,0,17530,-38.403,50.896
0min7sec,0,17540,-38.205,50.896
0min6sec,0,17550,-37.989,50.894
0min7sec,0,17560,-38.065,50.892
0min7sec,0,17570,-38.061,50.890
0min6sec,0,17580,-37.712,50.886
0min6sec,0,17590,-38.141,50.885
0min7sec,0,17600,-38.825,50.888
0min7sec,0,17610,-38.879,50.891
0min7sec,0,17620,-38.881,50.895
0min7sec,0,17630,-38.911,50.898
0min7sec,0,17640,-38.917,50.901
0min7sec,0,17650,-38.993,50.905
0min6sec,0,17660,-38.397,50.905
0min6sec,0,17670,-38.409,50.906
0min6sec,0,17680,-38.399,50.906
0min6sec,0,17690,-38.493,50.906
0min7sec,0,17700,-38.695,50.907
0min6sec,0,17710,-38.580,50.908
0min6sec,0,17720,-38.712,50.910
0min6sec,0,17730,-38.810,50.912
0min6sec,0,17740,-38.691,50.913
0min6sec,0,17750,-38.752,50.915
0min6sec,0,17760,-38.749,50.917
0min6sec,0,17770,-38.689,50.919
0min6sec,0,17780,-38.666,50.921
0min6sec,0,17790,-38.500,50.923
0min6sec,0,17800,-38.581,50.925
0min6sec,0,17810,-38.609,50.927
0min6sec,0,17820,-38.531,50.929
0min6sec,0,17830,-38.621,50.930
0min6sec,0,17840,-38.640,50.933
0min6sec,0,17850,-38.508,50.934
0min6sec,0,17860,-38.394,50.936
0min6sec,0,17870,-38.325,50.937
0min6sec,0,17880,-38.167,50.938
0min6sec,0,17890,-38.238,50.939
0min6sec,0,17900,-38.026,50.939
0min6sec,0,17910,-38.031,50.939
0min6sec,0,17920,-38.091,50.939
0min6sec,0,17930,-37.810,50.938
0min6sec,0,17940,-37.990,50.938
0min7sec,0,17950,-38.615,50.940
0min7sec,0,17960,-38.822,50.944
0min7sec,0,17970,-38.550,50.946
0min7sec,0,17980,-38.291,50.948
0min7sec,0,17990,-38.085,50.948
0min7sec,0,18000,-38.078,50.948
0min7sec,0,18010,-38.111,50.948
0min7sec,0,18020,-37.827,50.948
0min7sec,0,18030,-37.969,50.948
0min7sec,0,18040,-38.062,50.948
0min7sec,0,18050,-37.976,50.948
0min7sec,0,18060,-38.063,50.948
0min7sec,0,18070,-37.861,50.947
0min7sec,0,18080,-37.782,50.946
0min7sec,0,18090,-37.945,50.946
0min7sec,0,18100,-37.881,50.946
0min7sec,0,18110,-38.227,50.947
0min7sec,0,18120,-38.144,50.948
0min8sec,0,18130,-38.088,50.949
0min8sec,0,18140,-38.403,50.951
0min8sec,0,18150,-37.919,50.950
0min7sec,0,18160,-37.852,50.950
0min7sec,0,18170,-37.974,50.950
0min7sec,0,18180,-37.898,50.950
0min7sec,0,18190,-37.928,50.949
0min7sec,0,18200,-37.991,50.950
0min7sec,0,18210,-37.710,50.948
0min7sec,0,18220,-37.823,50.948
0min7sec,0,18230,-37.972,50.947
0min7sec,0,18240,-37.919,50.947
0min7sec,0,18250,-37.772,50.945
0min7sec,0,18260,-38.111,50.945
0min7sec,0,18270,-37.873,50.944
0min7sec,0,18280,-38.096,50.944
0min7sec,0,18290,-37.964,50.943
0min7sec,0,18300,-38.019,50.943
0min7sec,0,18310,-38.091,50.942
0min7sec,0,18320,-38.275,50.942
0min7sec,0,18330,-38.123,50.942
0min8sec,0,18340,-38.457,50.944
0min8sec,0,18350,-38.571,50.945
0min8sec,0,18360,-38.725,50.948
0min8sec,0,18370,-38.172,50.948
0min8sec,0,18380,-38.234,50.948
0min8sec,0,18390,-38.188,50.949
0min7sec,0,18400,-38.049,50.949
0min7sec,0,18410,-38.103,50.949
0min7sec,0,18420,-38.038,50.949
0min7sec,0,18430,-38.031,50.948
0min7sec,0,18440,-38.511,50.950
0min8sec,0,18450,-38.632,50.952
0min7sec,0,18460,-38.292,50.953
0min7sec,0,18470,-38.312,50.954
0min7sec,0,18480,-38.168,50.954
0min7sec,0,18490,-38.144,50.954
0min7sec,0,18500,-38.153,50.955
0min7sec,0,18510,-38.441,50.956
0min7sec,0,18520,-38.076,50.956
0min7sec,0,18530,-37.922,50.955
0min7sec,0,18540,-37.757,50.954
0min7sec,0,18550,-38.044,50.954
0min7sec,0,18560,-38.441,50.956
0min7sec,0,18570,-38.368,50.957
0min7sec,0,18580,-38.286,50.958
0min7sec,0,18590,-38.234,50.960
0min7sec,0,18600,-38.177,50.961
0min7sec,0,18610,-38.474,50.963
0min8sec,0,18620,-38.091,50.965
0min7sec,0,18630,-37.866,50.964
0min7sec,0,18640,-38.112,50.965
0min7sec,0,18650,-38.221,50.965
0min7sec,0,18660,-38.042,50.965
0min7sec,0,18670,-37.983,50.966
0min7sec,0,18680,-38.266,50.968
0min7sec,0,18690,-38.194,50.969
0min7sec,0,18700,-38.030,50.970
0min7sec,0,18710,-37.908,50.970
0min7sec,0,18720,-37.965,50.970
0min7sec,0,18730,-37.884,50.970
0min7sec,0,18740,-38.108,50.971
0min7sec,0,18750,-37.879,50.971
0min7sec,0,18760,-37.743,50.971
0min7sec,0,18770,-37.896,50.971
0min7sec,0,18780,-37.803,50.971
0min7sec,0,18790,-37.734,50.970
0min7sec,0,18800,-37.680,50.969
0min7sec,0,18810,-37.731,50.969
0min7sec,0,18820,-37.964,50.969
0min7sec,0,18830,-38.065,50.971
0min8sec,0,18840,-38.334,50.973
0min8sec,0,18850,-38.277,50.976
0min8sec,0,18860,-38.165,50.978
0min7sec,0,18870,-38.002,50.979
0min7sec,0,18880,-38.017,50.980
0min8sec,0,18890,-38.242,50.982
0min8sec,0,18900,-38.046,50.983
0min8sec,0,18910,-37.994,50.985
0min8sec,0,18920,-38.080,50.987
0min8sec,0,18930,-37.839,50.988
0min8sec,0,18940,-37.665,50.988
0min8sec,0,18950,-38.051,50.991
0min8sec,0,18960,-38.188,50.994
0min8sec,0,18970,-37.868,50.995
0min8sec,0,18980,-37.942,50.997
0min8sec,0,18990,-37.845,50.999
0min8sec,0,19000,-37.815,51.001
0min8sec,0,19010,-38.147,51.004
0min8sec,0,19020,-38.043,51.008
0min8sec,0,19030,-37.895,51.010
0min8sec,0,19040,-37.908,51.012
0min8sec,0,19050,-38.075,51.016
0min8sec,0,19060,-37.833,51.018
0min8sec,0,19070,-37.810,51.020
0min8sec,0,19080,-37.384,51.020
0min8sec,0,19090,-37.542,51.021
0min8sec,0,19100,-37.731,51.023
0min8sec,0,19110,-37.629,51.026
0min8sec,0,19120,-37.543,51.027
0min8sec,0,19130,-37.761,51.030
0min8sec,0,19140,-37.785,51.032
0min8sec,0,19150,-38.141,51.037
0min8sec,0,19160,-38.283,51.042
0min8sec,0,19170,-37.740,51.045
0min8sec,0,19180,-37.635,51.048
0min7sec,0,19190,-36.971,51.046
0min7sec,0,19200,-36.848,51.045
0min7sec,0,19210,-36.798,51.043
0min7sec,0,19220,-36.722,51.041
0min7sec,0,19230,-36.702,51.039
0min7sec,0,19240,-36.418,51.035
0min7sec,0,19250,-36.493,51.032
0min7sec,0,19260,-36.471,51.028
0min7sec,0,19270,-36.347,51.024
0min7sec,0,19280,-36.356,51.020
0min7sec,0,19290,-36.329,51.015
0min7sec,0,19300,-36.337,51.011
0min7sec,0,19310,-36.430,51.007
0min7sec,0,19320,-36.535,51.003
0min7sec,0,19330,-36.777,51.000
0min8sec,0,19340,-36.974,50.998
0min7sec,0,19350,-36.865,50.996
0min7sec,0,19360,-37.028,50.992
0min7sec,0,19370,-37.089,50.990
0min7sec,0,19380,-37.269,50.987
0min7sec,0,19390,-37.156,50.984
0min7sec,0,19400,-37.236,50.982
0min7sec,0,19410,-37.623,50.981
0min7sec,0,19420,-37.859,50.981
0min7sec,0,19430,-37.792,50.981
0min7sec,0,19440,-37.553,50.979
0min7sec,0,19450,-37.731,50.979
0min7sec,0,19460,-37.510,50.977
0min7sec,0,19470,-37.496,50.975
0min7sec,0,19480,-37.545,50.973
0min7sec,0,19490,-37.420,50.971
0min7sec,0,19500,-37.314,50.968
0min7sec,0,19510,-37.496,50.966
0min7sec,0,19520,-37.732,50.965
0min7sec,0,19530,-37.744,50.965
0min7sec,0,19540,-37.581,50.964
0min7sec,0,19550,-37.760,50.963
0min6sec,0,19560,-37.679,50.962
0min7sec,0,19570,-37.894,50.963
0min8sec,0,19580,-37.954,50.963
0min8sec,0,19590,-38.136,50.965
0min8sec,0,19600,-37.823,50.965
0min7sec,0,19610,-37.767,50.965
0min7sec,0,19620,-37.899,50.965
0min8sec,0,19630,-37.800,50.965
0min8sec,0,19640,-38.088,50.967
0min7sec,0,19650,-37.875,50.967
0min7sec,0,19660,-37.909,50.966
0min6sec,0,19670,-37.772,50.965
0min6sec,0,19680,-37.593,50.963
0min6sec,0,19690,-37.644,50.961
0min7sec,0,19700,-37.798,50.960
0min7sec,0,19710,-37.932,50.959
0min7sec,0,19720,-38.160,50.959
0min8sec,0,19730,-38.754,50.961
0min8sec,0,19740,-38.711,50.963
0min8sec,0,19750,-38.635,50.965
0min10sec,0,19760,-39.745,50.972
0min10sec,0,19770,-41.172,50.986
0min10sec,0,19780,-39.942,50.996
0min9sec,0,19790,-39.262,51.002
0min8sec,0,19800,-38.828,51.006
0min8sec,0,19810,-38.690,51.008
0min8sec,0,19820,-39.214,51.014
0min8sec,0,19830,-38.889,51.018
0min8sec,0,19840,-38.564,51.021
0min8sec,0,19850,-38.799,51.026
0min8sec,0,19860,-38.694,51.030
0min8sec,0,19870,-38.870,51.035
0min8sec,0,19880,-38.566,51.037
0min8sec,0,19890,-38.610,51.041
0min8sec,0,19900,-38.940,51.045
0min8sec,0,19910,-38.810,51.049
0min8sec,0,19920,-38.750,51.052
0min8sec,0,19930,-38.458,51.055
0min8sec,0,19940,-38.485,51.058
0min8sec,0,19950,-38.577,51.061
0min8sec,0,19960,-38.400,51.063
0min7sec,0,19970,-38.463,51.064
0min7sec,0,19980,-38.242,51.064
0min7sec,0,19990,-38.493,51.066
